concurrency,total_requests,successful_requests,failed_requests,duration_seconds,requests_per_second,average_latency_ms,p50_latency_ms,p95_latency_ms,p99_latency_ms
1,500,500,0,12.315338207998138,40.599778224139826,24.588644192015636,24.78129199880641,26.669670802584733,27.495232500441485
5,500,500,0,2.42032158299844,206.58411820654422,23.99102104996564,23.874416499893414,25.833823250650312,28.279889669865952
10,500,500,0,1.1827729169963277,422.7354150700023,23.1608585279173,22.897833503520815,25.761421147035435,34.6632977502304
25,500,500,0,1.0636214159967494,470.0920764475544,51.54265232561738,41.385395998077,110.21017769635354,162.85417749859317
50,500,500,0,3.3803804999988643,147.91234300403994,323.3382837399258,224.67337450143532,877.4958816022263,1204.4761791620826
100,500,500,0,5.256729125001584,95.11618120514234,1005.7904844740551,563.6145624994242,3456.7251639527963,4928.628581660305
